Variable,Level ADF Stat,Level p-val,Diff ADF Stat,Diff p-val
PBI,0.3524130706518087,0.9796254347742975,-1.7159440036400506,0.4229169340502357
IPC,1.6461562595597374,0.9979896495563638,-2.333753992981486,0.16131256891320295
TASA,-2.6321754482629864,0.0865279059127323,-9.096458784202238,3.703663585739908e-15
TC,2.4485307617990326,0.9990313486884842,3.6262977660828812,1.0
