Root (Real),Root (Imaginary),Modulus
-2.429054812662649,-0.0,2.429054812662649
1.0086808873285293,2.1993815453127947,2.419652106052514
1.0086808873285293,-2.1993815453127947,2.419652106052514
-1.4226300743770144,1.502900827938224,2.069441283810524
-1.4226300743770144,-1.502900827938224,2.069441283810524
1.0910078675848376,0.523162640509904,1.209957567668102
1.0910078675848376,-0.523162640509904,1.209957567668102
1.1362014589018017,-0.0,1.1362014589018017
